text,intent
अहिले आमा सँग भेटभयो,family_reunification_status
ग्यासकोपाइप भाँचियो भूकम्पमा,gas_leak_report
मेडिकल इमर्जेन्सी छ मद्दत गर्नुहोस् हजुर,medical_emergency_request
राहत शिविरमा बुबा भेटियो है,family_reunification_status
ललितपुर मा तोकिएको सुरक्षित क्षेत्र कहाँ छ है,safe_location_query
दिदी लाई गहिरो घाउछ,injury_report
हाम्रो घर असुरक्षित छ आश्रयचाहियो,shelter_request
यो भूकम्पसँग सम्बन्धित छैन प्लिज,fallback_unclear
छत खसेर छोरा थुनिनुभयो,trapped_debris_report
सहयोग गर्नु न प्लिज,sos_help_request
गोडा मर्केर हिँड्न सकिँन,injury_report
हजुरलाई नमस्कार???,greeting
निकासाको मार्ग के हो प्लिज,evacuation_guidance_query
सडकमा पर्खाल भत्कियो छिटो,building_collapse_report
केम अहिले घरभित्र फर्कन सक्छु,building_damage_check
गोर्खा को लागि पराकम्प चेतावनी प्लिज,aftershock_information_query
घरमा भूकम्प तयारीको उत्तम अभ्यास के हो प्लिज,preparedness_tips_query
ललितपुर मा जोडदार धक्का महसुस भयो!!,earthquake_occurring_report
संरचना भत्कियोमानिसहरू भित्रै हुन सक्छन्,building_collapse_report
भूकम्पदेखि हजुरबुबा बेपत्ता हुनुभएको छ,family_member_missing
राहत शिविरमा हजुरबुबा भेटियो,family_reunification_status
बाई???,goodbye_thanks
छिमेकभरि बिजुली गएको छ,power_outage_report
बुबा को लागि खाद्यान्न चाहियो,food_water_request
घरभरि ग्यासको गन्ध छ प्लिज,gas_leak_report
आमा लाई गम्भीरचोट लागेको छ,injury_report
जाजरकोट मा बिजुलीको तार खसेकोछ,power_outage_report
हामी कहाँ सुरक्षित आश्रय लिन सक्छौं प्लिज,safe_location_query
हामीलाई मद्दत चाहियो???,sos_help_request
पोखरा को लागि निकासा योजना,evacuation_guidance_query
काठमाडौं मा जोडदार धक्का महसुस भयो!!,earthquake_occurring_report
काठमाडौं मा बिजुलीकोतार खसेको छ,power_outage_report
आज राति थप धक्का आउनसक्छ कि,aftershock_information_query
म र हजुरआमा थुनिएका छौं,trapped_debris_report
काठमाडौं मा आगो लागेको छ,fire_incident_report
के पराकम्प आउने छ,aftershock_information_query
बुबा लडेरढाडमा चोट लाग्यो!!,injury_report
भूकम्पदेखि हजुरबुबा को फोन लाग्दैन,family_member_missing
मद्दत गर्नुहोस् है???,sos_help_request
हजुरबुबा लाई गहिरोघाउ छ,injury_report
विस्थापितहरूलाई बस्ने ठाउँ चाहिन्छ,shelter_request
नमस्ते,greeting
भूकम्पदेखिहजुरबुबा को फोन लाग्दैन,family_member_missing
एस ओ एस,sos_help_request
गोर्खा मा तोकिएको सुरक्षित क्षेत्र कहाँ छ!!,safe_location_query
भूकम्प गयो???,earthquake_occurring_report
जाजरकोट नजिकैको घरमा आगोलागेको छ,fire_incident_report
गोर्खाको लागि निकासा योजना,evacuation_guidance_query
जाजरकोट मा जोडदार धक्का महसुस भयो छिटो,earthquake_occurring_report
ललितपुर मा दिदीलाई खोजिरहेको छु,family_member_missing
दिदी को लागि खाद्यान्न चाहियो,food_water_request
भक्तपुर मा घर भत्कियो,building_collapse_report
परिवारको लागि खाद्य सामग्रीचाहियो,food_water_request
यहाँ सफा पानी उपलब्ध छैन छिटो,food_water_request
के होयो,fallback_unclear
छत खसेर दिदी थुनिनुभयो हजुर,trapped_debris_report
भूकम्प भर्खरैआएको हो,earthquake_occurring_report
नमस्ते जी है,greeting
ललितपुर मा जोडदार धक्का महसुस भयो,earthquake_occurring_report
दाजुअझै घर आउनुभएको छैन,family_member_missing
भक्तपुर मा घरभत्कियो,building_collapse_report
भान्सामा सानो आगो लागेको छ,fire_incident_report
मद्दतको लागि धन्यवाद,goodbye_thanks
बुबा भग्नावशेषमुनि थुनिनुभयो छिटो,trapped_debris_report
के म भवनभित्रफेरि जान मिल्छ,building_damage_check
बिजुली कहिले आउँछ है,power_outage_report
काठमाडौं नजिकैको घरमा आगो लागेको छ,fire_incident_report
जोक भन छिटो,fallback_unclear
भक्तपुर मा तोकिएको सुरक्षित क्षेत्र कहाँ छ,safe_location_query
तिमी कति उमेरको हौ,fallback_unclear
भवनबाट बाहिर निस्कने सबैभन्दा सुरक्षित तरिका!!,evacuation_guidance_query
दाजु लाई छातीमा दुखाइ भइरहेको छ,medical_emergency_request
भवनबाट निकासा गर्ने चरणहरू!!,evacuation_guidance_query
आदाब प्लिज,greeting
पोखरा नजिकैको घरमा आगो लागेको छ छिटो,fire_incident_report
छत खसेर दिदी थुनिनुभयो है,trapped_debris_report
ठिक छ धन्यवाद,goodbye_thanks
ललितपुर मा आगो छिट्टै फैलिँदैछ छिटो,fire_incident_report
आमालाई गहिरो घाउ छ,injury_report
नजिकै कुनै राहत शिविर छ कि है,shelter_request
आमा लडेरढाडमा चोट लाग्यो,injury_report
राहतशिविरमा हजुरबुबा भेटियो,family_reunification_status
कोहि छैन र मद्दत गर्ने,sos_help_request
मलबाका कारण राजमार्ग बन्द भयो???,road_blockage_report
जाजरकोट माआगो लागेको छ,fire_incident_report
पहिरोले एकमात्र सडक बन्द भयो प्लिज,road_blockage_report
आमा र बालबालिकाका लागि आश्रय चाहियो छिटो,shelter_request
के हामी तुरुन्तै निकासा गर्नुपर्छ,evacuation_guidance_query
हिजोदेखि खानाछैन,food_water_request
ठिक छ धन्यवाद???,goodbye_thanks
हजुरबुबालाई एम्बुलेन्स चाहियो छिटो,medical_emergency_request
ललितपुर मा सम्पूर्ण भवन ढल्यो,building_collapse_report
ललितपुर मा दिदी लाई खोजिरहेको छु!!,family_member_missing
घर भत्किएर भित्र फसियौं हजुर,trapped_debris_report
हजुरबुबा लाईएम्बुलेन्स चाहियो छिटो,medical_emergency_request
छत खसेर हजुरबुबा थुनिनुभयो हजुर,trapped_debris_report
दाजु भग्नावशेषमुनिथुनिनुभयो,trapped_debris_report
गोर्खा मा आगो लागेको छ हजुर,fire_incident_report
म र आमा थुनिएका छौं???,trapped_debris_report
ल ठिक छ धन्यवाद,goodbye_thanks
पोखरा मातोकिएको सुरक्षित क्षेत्र कहाँ छ,safe_location_query
दिदी बेहोस हुनुभयो,medical_emergency_request
नजिकै कुनै राहत शिविर छ कि,shelter_request
ललितपुर नजिकको पुलभत्कियो,road_blockage_report
जाजरकोट नजिकैको घरमा आगो लागेको छ!!,fire_incident_report
स्कूल भवन आंशिक रूपमा भत्कियो!!,building_collapse_report
दाजुबेहोस हुनुभयो,medical_emergency_request
काठमाडौंमा बिजुली गएको छ,power_outage_report
काठमाडौं मा आगो छिट्टै फैलिँदैछ,fire_incident_report
राष्ट्रिय आपतकालीनकार्य केन्द्रको नम्बर,emergency_contact_request
निकासाको मार्गके हो,evacuation_guidance_query
जाजरकोट नजिकको पुल भत्कियो हजुर,road_blockage_report
काठमाडौं नजिक ग्यास चुहावट भयो,gas_leak_report
नजिकैको राहत शिविर कहाँ छ छिटो,shelter_request
पानीको आपूर्ति बन्द भयो पानी चाहियो हजुर,food_water_request
भूकम्पदेखि बुबा को फोनलाग्दैन,family_member_missing
अहिले हजुरबुबा सँगभेट भयो,family_reunification_status
ललितपुर जान सकिँदैन सडक बन्द छ,road_blockage_report
पोखरा मा जोडदार धक्का महसुस भयो!!,earthquake_occurring_report
भान्सामा सानो आगो लागेको छ!!,fire_incident_report
यो घरमा बस्न सुरक्षित छ कि छैन हजुर,building_damage_check
यहाँ सफा पानी उपलब्ध छैन प्लिज,food_water_request
दाजु लाई सुरक्षित फेला परेको छ???,family_reunification_status
दुई दिनदेखि बिजुली छैन,power_outage_report
ग्यासको पाइप भाँचियोभूकम्पमा,gas_leak_report
हेल्लो!!,greeting
नमस्ते जी,greeting
जाजरकोट मा आगो लागेको छ,fire_incident_report
भूकम्पपछिआगलागी भयो,fire_incident_report
नमस्कार छिटो,greeting
मुख्य सडक बन्द छ है,road_blockage_report
दमकलको सम्पर्क नम्बर छिटो,emergency_contact_request
काठमाडौं मा भूकम्प गयो,earthquake_occurring_report
धन्यवादबहिनी,goodbye_thanks
नमस्कार सर,greeting
ललितपुर मा सम्पूर्ण भवन ढल्यो हजुर,building_collapse_report
दिदी लाई छातीमा दुखाइ भइरहेकोछ,medical_emergency_request
जाजरकोट मा सम्पूर्ण भवन ढल्यो,building_collapse_report
हजुरबुबाबेहोस हुनुभयो,medical_emergency_request
मर्केकोखुट्टाको लागि के गर्ने,first_aid_query
साथी नमस्ते,greeting
गोर्खा मा सम्पूर्ण भवनढल्यो,building_collapse_report
भूकम्पपछि भवनको सुरक्षाजाँच कसले गर्छ,building_damage_check
पोखरा मा जोडदार धक्का महसुस भयो,earthquake_occurring_report
आमा लाई एम्बुलेन्स चाहियो छिटो,medical_emergency_request
नमस्ते???,greeting
जाँच्दैछु,fallback_unclear
हजुरआमा लाई छातीमादुखाइ भइरहेको छ,medical_emergency_request
राति बस्न पालचाहियो,shelter_request
पोखरा को लागि पराकम्पचेतावनी,aftershock_information_query
आमा लाई सुरक्षित फेला परेको छ,family_reunification_status
अनि!!,fallback_unclear
सहयोगकोलागि धन्यवाद,goodbye_thanks
खुट्टामा घाउ भएर रगत बगिरहेको छ हजुर,injury_report
गोर्खानजिकैको घरमा आगो लागेको छ,fire_incident_report
के पराकम्प आउनेछ,aftershock_information_query
वृद्धवृद्धाहरूसँग कसरी निकासा गर्ने,evacuation_guidance_query
राति बस्न पाल चाहियो,shelter_request
भक्तपुर नजिक ग्यास चुहावट भयो!!,gas_leak_report
दुई दिनदेखि बिजुली छैन प्लिज,power_outage_report
भूकम्पमा छत खस्यो है,building_collapse_report
नमस्ते दाइ,greeting
ओके धन्यवाद,goodbye_thanks
बुबा लाई गम्भीर चोट लागेको छ हजुर,injury_report
छिटोनिकाल्नुहोस् थुनिएको छु,trapped_debris_report
दिदी लाई छातीमा दुखाइभइरहेको छ,medical_emergency_request
फेरि भेटौंला है,goodbye_thanks
ललितपुर को लागि निकासा योजना प्लिज,evacuation_guidance_query
हामीलाई मद्दत चाहियो,sos_help_request
हजुरआमा को बेपत्ता व्यक्ति रिपोर्ट प्लिज,family_member_missing
घाउभएको ठाउँमा कसरी उपचार गर्ने,first_aid_query
ललितपुरमा एम्बुलेन्स चाहियो,medical_emergency_request
भक्तपुर को लागि निकासा योजना,evacuation_guidance_query
म र दिदी थुनिएका छौं,trapped_debris_report
जाजरकोट जानसकिँदैन सडक बन्द छ,road_blockage_report
बुबा रबालबालिकाका लागि आश्रय चाहियो,shelter_request
वृद्धवृद्धाहरूसँग कसरी निकासा गर्ने छिटो,evacuation_guidance_query
ल ठिकछ धन्यवाद,goodbye_thanks
सहयोग गर्नु न,sos_help_request
हजुरआमा को बेपत्ता व्यक्ति रिपोर्ट,family_member_missing
के हामी तुरुन्तै निकासा गर्नुपर्छ छिटो,evacuation_guidance_query
घाउमा पट्टी कसरी बाँध्ने,first_aid_query
बुबा लाईछातीमा दुखाइ भइरहेको छ,medical_emergency_request
नजिकैको अपार्टमेन्ट भत्कियो हजुर,building_collapse_report
एम्बुलेन्सको नम्बर के हो प्लिज,emergency_contact_request
जाजरकोट मा सम्पूर्ण भवन ढल्यो हजुर,building_collapse_report
ग्यासचुहियो,gas_leak_report
के छ हाल,greeting
शुभसाँझ,greeting
पोखरा माघर भत्कियो,building_collapse_report
नजिकैको अपार्टमेन्ट भत्कियो,building_collapse_report
काठमाडौंमा सम्पूर्ण भवन ढल्यो,building_collapse_report
ललितपुर मा दिदी लाई खोजिरहेको छु,family_member_missing
छत खसेर बुबा थुनिनुभयो है,trapped_debris_report
काठमाडौं को लागि पराकम्प चेतावनी प्लिज,aftershock_information_query
आपतकालीन किटमा केके हुनुपर्छ,preparedness_tips_query
छिमेकभरि बिजुली गएको छ प्लिज,power_outage_report
भूकम्पपछि सडक क्षतिग्रस्तभयो,road_blockage_report
पर्यटकप्रहरीको नम्बर दिनुहोस्,emergency_contact_request
नजिकैको खाद्य वितरणस्थल,food_water_request
भान्सामा ग्यासधेरै चुहिँदैछ,gas_leak_report
अहिले बुबा सँगभेट भयो,family_reunification_status
बुबा लाई सुरक्षित फेला परेको छ है,family_reunification_status
अहिले आमा सँग भेट भयो???,family_reunification_status
बालबालिकालाई भूकम्प अभ्यासको लागि कसरी तयार पार्ने छिटो,preparedness_tips_query
कोहि छैन र मद्दत गर्ने छिटो,sos_help_request
हाम्रोघर पूर्ण रूपमा भत्कियो,building_collapse_report
बहिनीनमस्ते,greeting
घर धेरै हल्लियो छिटो,earthquake_occurring_report
अहिलेको अवस्थाके हो,status_check_general
जोडदारभूकम्प आयो,earthquake_occurring_report
गोर्खा को लागि निकासा योजना,evacuation_guidance_query
शुभ साँझ,greeting
अर्को भूकम्प आउने छ कि,aftershock_information_query
अनि,fallback_unclear
सबैभन्दा नजिकको सुरक्षित क्षेत्र कहाँ छ,safe_location_query
कुन खुल्ला ठाउँभेला हुन सुरक्षित छ,safe_location_query
गोर्खा को लागि पराकम्प चेतावनी छिटो,aftershock_information_query
मेरो घरलाईभूकम्प प्रतिरोधी कसरी बनाउने,preparedness_tips_query
छोरी को बेपत्ता व्यक्ति रिपोर्ट,family_member_missing
हजुरआमा लाई छातीमा दुखाइ भइरहेको छ,medical_emergency_request
भूकम्पपछि दाजु लाई भेट्टाउन सकिएको छैन,family_member_missing
पराकम्पकति समयसम्म रहन्छ,aftershock_information_query
भूकम्पले सबै हल्लियो,earthquake_occurring_report
दाजु सुरक्षित हुनुहुन्छ भनेर स्थिति अपडेट गर्न चाहन्छु है,family_reunification_status
परिवारको भेला हुने ठाउँकसरी योजना बनाउने,preparedness_tips_query
अहिले बुबा सँग भेट भयो,family_reunification_status
बुबा को लागि खाद्यान्न चाहियो???,food_water_request
आमा लाई एम्बुलेन्स चाहियो छिटो???,medical_emergency_request
सिलिन्डरबाट ग्यास चुहिँदैछ???,gas_leak_report
पाल शिविरकोस्थान चाहियो,shelter_request
बिजुलीकहिले आउँछ,power_outage_report
हजुरआमा सुरक्षित हुनुहुन्छ भनेर स्थिति अपडेट गर्न चाहन्छु है,family_reunification_status
अहिले दाजु सँग भेट भयो छिटो,family_reunification_status
यति नै हो धन्यवाद!!,goodbye_thanks
बिजुलीकोतारबाट आगो लाग्यो,fire_incident_report
मेरो घरलाई भूकम्प प्रतिरोधी कसरी बनाउने,preparedness_tips_query
मेरो घरमा चिरा परेको छ सुरक्षित छ कि छैन,building_damage_check
अहिले मैले केगर्ने,status_check_general
ग्यास चुल्होलेआगो लाग्यो,fire_incident_report
मेरोपरिवारको सदस्य सुरक्षित भेटियो,family_reunification_status
दाजु लाई एम्बुलेन्स चाहियो छिटो हजुर,medical_emergency_request
भूकम्प ५ मिनेट अगाडि आएको हो है,earthquake_occurring_report
पोखरा मा सम्पूर्ण भवन ढल्यो,building_collapse_report
भवन अलिकतिढल्किएको छ खतरा छ कि,building_damage_check
दिदी लडेरढाडमाचोट लाग्यो,injury_report
पोखरा को लागि पराकम्प चेतावनी हजुर,aftershock_information_query
ग्यास चुहावट भयो सल्लाह दिनुहोस्,gas_leak_report
भूकम्पले सबै हल्लियो!!,earthquake_occurring_report
जोडदार भूकम्प आयो,earthquake_occurring_report
सहयोग गर्नुहोस्,sos_help_request
जाजरकोट मा बिजुली गएकोछ,power_outage_report
आमा लडेरढाडमा चोट लाग्यो हजुर,injury_report
सहयोग चाहियो???,sos_help_request
काठमाडौं मा घरभत्कियो,building_collapse_report
आमा लाई सुरक्षित फेला परेको छ है,family_reunification_status
आपतकालीन सम्पर्क नम्बरहरूको सूची हजुर,emergency_contact_request
छिटो निकाल्नुहोस् थुनिएको छु???,trapped_debris_report
नमस्कार,greeting
आपतकालीन सम्पर्क नम्बरहरूको सूची???,emergency_contact_request
जाजरकोट मा घर भत्कियो हजुर,building_collapse_report
हजुरबुबा भग्नावशेषमुनि थुनिनुभयो,trapped_debris_report
धन्यवाद बहिनी,goodbye_thanks
टाउकोबाट रगत बगिरहेको छ प्लिज,injury_report
नमस्ते बुवा!!,greeting
दिदी र बालबालिकाका लागि आश्रय चाहियो है,shelter_request
उद्धारका लागि नजिकैको खुल्ला ठाउँ,safe_location_query
घरभरि ग्यासको गन्ध छ,gas_leak_report
छतखसेर हजुरबुबा थुनिनुभयो,trapped_debris_report
बुबा सुरक्षित हुनुहुन्छ भनेर स्थिति अपडेट गर्न चाहन्छु है,family_reunification_status
काठमाडौं मा घर भत्कियो हजुर,building_collapse_report
गोर्खा नजिकैको घरमा आगो लागेको छ प्लिज,fire_incident_report
पराकम्पको जानकारीदिनुहोस्,aftershock_information_query
खाना र पानी सकियो छिटो,food_water_request
जे पनि टाइप गर्दैछु प्लिज,fallback_unclear
दिदीलाई एम्बुलेन्स चाहियो छिटो,medical_emergency_request
काठमाडौं को लागि निकासा योजना,evacuation_guidance_query
नमस्तेजी,greeting
हामी कहाँ सुरक्षितआश्रय लिन सक्छौं,safe_location_query
राति बस्नपाल चाहियो,shelter_request
दाजु को लागि खाद्यान्न चाहियो,food_water_request
साथी नमस्ते???,greeting
पराकम्प कति समयसम्म रहन्छ,aftershock_information_query
हामी कहाँ सुरक्षित आश्रय लिन सक्छौं,safe_location_query
काठमाडौं नजिक पहिरोले सडक बन्दभयो,road_blockage_report
धन्यवाद हैसाथी,goodbye_thanks
गोर्खा जान सकिँदैन सडक बन्द छ,road_blockage_report
छोरा अझै घर आउनुभएको छैन???,family_member_missing
पोखरा मा बिजुली गएको छ,power_outage_report
धन्यवाद बहिनी छिटो,goodbye_thanks
मौसम कस्तो छ,fallback_unclear
गोर्खा नजिक ग्यास चुहावटभयो,gas_leak_report
संरचना भत्कियो मानिसहरू भित्रै हुन सक्छन्???,building_collapse_report
हामीलेअस्थायी आश्रय कहाँ पाउन सक्छौं,shelter_request
मेरोभवन सुरक्षित छ कि भनेर कसरी थाहा पाउने,building_damage_check
ललितपुर मा बिजुली गएको छ,power_outage_report
शुभ साँझ है,greeting
सहयोगको लागि धन्यवाद प्लिज,goodbye_thanks
पोखरा मा बिजुली गएको छ हजुर,power_outage_report
के म भवनभित्र फेरि जानमिल्छ,building_damage_check
पोखरामा बिजुली गएको छ,power_outage_report
बुबा लाई सुरक्षित फेला परेको छ,family_reunification_status
पोखरा नजिक पहिरोले सडक बन्द भयो छिटो,road_blockage_report
हजुरआमा लाईगम्भीर चोट लागेको छ,injury_report
भक्तपुर मा जोडदारधक्का महसुस भयो,earthquake_occurring_report
जाजरकोट मा सम्पूर्ण भवनढल्यो,building_collapse_report
धन्यवादबुवा,goodbye_thanks
कति पराकम्पआउने अपेक्षा छ,aftershock_information_query
जाजरकोट मा घर भत्कियो,building_collapse_report
हाइ!!,greeting
घरबाटधुवाँ आइरहेको छ,fire_incident_report
गोर्खा मा भूकम्प गयो,earthquake_occurring_report
पहिरोले एकमात्र सडक बन्द भयो,road_blockage_report
इँटाखसेर लाग्यो,injury_report
५ मिनेट अगाडि भूकम्प आयो है,earthquake_occurring_report
पराकम्प कति समयसम्म रहन्छ!!,aftershock_information_query
दाजु बेहोसहुनुभयो,medical_emergency_request
घर बलिरहेको छ दमकल चाहियो,fire_incident_report
जाजरकोट मा बिजुलीको तार खसेको छ,power_outage_report
सडकमा पर्खाल भत्कियो,building_collapse_report
घरपूर्ण रूपमा भत्कियो,building_collapse_report
काठमाडौंजान सकिँदैन सडक बन्द छ,road_blockage_report
भक्तपुर नजिककोपुल भत्कियो,road_blockage_report
भक्तपुर को लागि पराकम्प चेतावनी छिटो,aftershock_information_query
टाउकोबाट रगत बगिरहेको छ,injury_report
के म अहिले घरभित्र फर्कन सक्छु,building_damage_check
मेरो परिवारको लागि आश्रय चाहियो,shelter_request
नजिकैको सुरक्षित ठाउँ कहाँ छ है,safe_location_query
आमा को लागि खाद्यान्न चाहियो प्लिज,food_water_request
परिवारको लागि खाद्य सामग्री चाहियो!!,food_water_request
कोही सास फेर्न सकिरहेको छैन हजुर,medical_emergency_request
भूकम्प आयो,earthquake_occurring_report
पोखरा नजिक पहिरोले सडकबन्द भयो,road_blockage_report
बालबालिकालाई भूकम्प अभ्यासको लागि कसरी तयार पार्ने,preparedness_tips_query
उद्धारका लागि नजिकैको खुल्ला ठाउँ हजुर,safe_location_query
हाम्रो घर पूर्ण रूपमा भत्कियो,building_collapse_report
खाना र पानी सकियो,food_water_request
अहिले दिदी सँग भेटभयो,family_reunification_status
हजुरआमा बेहोसहुनुभयो,medical_emergency_request
गोर्खा मा भूकम्प गयो है,earthquake_occurring_report
मलाई तुरुन्तै के गर्ने भनेर भन्नुहोस्,status_check_general
ललितपुर नजिकैको घरमा आगो लागेको छ हजुर,fire_incident_report
ललितपुर नजिकैको घरमा आगोलागेको छ,fire_incident_report
भत्किएको घरभित्र फसेको छु!!,trapped_debris_report
भक्तपुर मा सम्पूर्ण भवन ढल्यो हजुर,building_collapse_report
भूकम्पदेखि हजुरबुबा बेपत्ता हुनुभएकोछ,family_member_missing
भक्तपुर को लागि पराकम्प चेतावनी!!,aftershock_information_query
जाजरकोट जान सकिँदैन सडक बन्द छ प्लिज,road_blockage_report
गोर्खा मा जोडदार धक्का महसुस भयो प्लिज,earthquake_occurring_report
भूकम्पको धक्का महसुस भयो,earthquake_occurring_report
बुबा को लागि खाद्यान्न चाहियो प्लिज,food_water_request
राहत शिविरमा दाजु भेटियो,family_reunification_status
पोखरा मा भूकम्प गयो हजुर,earthquake_occurring_report
अहिले कुन चरण पालना गर्ने,status_check_general
दाजुलाई गम्भीर चोट लागेको छ,injury_report
धेरै रगत बगिरहेको छ मेडिक चाहियो है,medical_emergency_request
अहँ छिटो,fallback_unclear
पर्यटक प्रहरीको नम्बर दिनुहोस्,emergency_contact_request
खुट्टामा घाउ भएर रगत बगिरहेको छ???,injury_report
राहत शिविरमा हजुरबुबा भेटियो प्लिज,family_reunification_status
भवन अलिकति ढल्किएको छ खतरा छ कि,building_damage_check
दिदी कोलागि खाद्यान्न चाहियो,food_water_request
सहयोगगर्नुहोस्,sos_help_request
भूकम्पपछि ग्यासको गन्ध आइरहेको छ???,gas_leak_report
सफा खानेपानीतुरुन्तै चाहियो,food_water_request
सहयोग चाहियो,sos_help_request
गोर्खा माभूकम्प गयो,earthquake_occurring_report
घरमाग्यास चुहावट भयो,gas_leak_report
हामीलाईमद्दत चाहियो,sos_help_request
धेरै धन्यवाद,goodbye_thanks
भक्तपुर मा बिजुली गएकोछ,power_outage_report
अहिले दाजु सँग भेट भयो हजुर,family_reunification_status
हजुरआमा सुरक्षित हुनुहुन्छ भनेर स्थिति अपडेट गर्न चाहन्छु,family_reunification_status
पोखरानजिकको पुल भत्कियो,road_blockage_report
थाहाछैन,fallback_unclear
आमा लाई गम्भीर चोट लागेको छ,injury_report
हेल्लो हजुर हजुर,greeting
कोही सास फेर्न सकिरहेको छैन प्लिज,medical_emergency_request
धन्यवाद हजुर है,goodbye_thanks
भक्तपुर मा जोडदार धक्का महसुस भयो,earthquake_occurring_report
छत खसेर हजुरआमा थुनिनुभयो हजुर,trapped_debris_report
म र हजुरआमा थुनिएका छौं है,trapped_debris_report
गीत गाउनसक्छौ,fallback_unclear
काठमाडौं मा तोकिएको सुरक्षित क्षेत्र कहाँ छ,safe_location_query
ललितपुरमा आगो लागेको छ,fire_incident_report
भेटिएको परिवार सदस्य कसरी दर्ता गर्ने,family_reunification_status
जाजरकोट नजिकपहिरोले सडक बन्द भयो,road_blockage_report
सुरक्षित रूपमा कसरी निकासा गर्ने,evacuation_guidance_query
भूकम्पपछि चिरादेखा पर्यो,building_damage_check
पर्खालमा चिरा देखिएको छ???,building_damage_check
भूकम्पमा छतखस्यो,building_collapse_report
भक्तपुर मा सम्पूर्ण भवन ढल्यो छिटो,building_collapse_report
जाजरकोट मा जोडदार धक्का महसुस भयो,earthquake_occurring_report
छिटो मद्दत चाहियो,sos_help_request
दिदी लाई गहिरो घाउ छ छिटो,injury_report
भूकम्पपछि चिरा देखा पर्यो,building_damage_check
आमा बेहोस हुनुभयो,medical_emergency_request
छोरी अझै घर आउनुभएको छैन!!,family_member_missing
तिमीले के के गर्न सक्छौ हजुर,fallback_unclear
ललितपुर नजिककोपुल भत्कियो,road_blockage_report
आज राति थप धक्का आउन सक्छ कि हजुर,aftershock_information_query
पर्खालमा चिरादेखिएको छ,building_damage_check
बिहानदेखि दिदी बाट कुनै खबर छैन प्लिज,family_member_missing
हजुरआमा लडेरढाडमा चोट लाग्यो,injury_report
भूकम्पपछि भवनको सुरक्षा जाँच कसले गर्छ,building_damage_check
तिमीले के के गर्न सक्छौ???,fallback_unclear
कोहि छैन र मद्दत गर्ने है,sos_help_request
बुबा लाई छातीमा दुखाइ भइरहेकोछ,medical_emergency_request
गोर्खा मा आगो लागेको छ,fire_incident_report
सहयोग गर्नुन,sos_help_request
नमस्तेदाइ,greeting
छत खसेर छोरा थुनिनुभयो है,trapped_debris_report
उद्धार टोली चाहियो थुनिएको छु हजुर,trapped_debris_report
सडकमा पर्खालभत्कियो,building_collapse_report
काठमाडौं को लागि निकासा योजना!!,evacuation_guidance_query
गोर्खा मा जोडदार धक्का महसुस भयो,earthquake_occurring_report
डाक्टर तुरुन्तै चाहियो,medical_emergency_request
काठमाडौं मा जोडदार धक्का महसुस भयो,earthquake_occurring_report
गीतगाउन सक्छौ,fallback_unclear
काठमाडौं कोलागि पराकम्प चेतावनी,aftershock_information_query
धन्यबादहै,goodbye_thanks
काठमाडौं मा आगोलागेको छ,fire_incident_report
भूकम्प तयारीका सुझावहरू दिनुहोस् प्लिज,preparedness_tips_query
काठमाडौं को लागि पराकम्प चेतावनी,aftershock_information_query
बुबा लाई एम्बुलेन्स चाहियोछिटो,medical_emergency_request
दाजु सुरक्षित हुनुहुन्छ भनेर स्थिति अपडेट गर्न चाहन्छु,family_reunification_status
गोर्खामा आगो छिट्टै फैलिँदैछ,fire_incident_report
अहिले मैले के कदम चाल्ने,status_check_general
दिदीबेहोस हुनुभयो,medical_emergency_request
दाजुलाई छातीमा दुखाइ भइरहेको छ,medical_emergency_request
बुबा सुरक्षित हुनुहुन्छ भनेर स्थिति अपडेट गर्न चाहन्छु,family_reunification_status
पराकम्पपछि घरभित्र सुत्न सुरक्षित छ कि,aftershock_information_query
छोराभग्नावशेषमुनि थुनिनुभयो,trapped_debris_report
अर्को भूकम्प आउनेछ कि,aftershock_information_query
ओके धन्यवाद!!,goodbye_thanks
भूकम्पदेखि बिजुलीछैन,power_outage_report
विपद रिपोर्टिङ हटलाइन,emergency_contact_request
सहयोगचाहियो,sos_help_request
बिहानदेखि दिदी बाट कुनै खबर छैन,family_member_missing
आमा लडेरढाडमा चोट लाग्यो???,injury_report
म र हजुरबुबा थुनिएका छौं,trapped_debris_report
पोखरा कोलागि निकासा योजना,evacuation_guidance_query
गोर्खा मा आगो लागेको छ!!,fire_incident_report
भूकम्पको बेलाखुट्टामा चोट लाग्यो,injury_report
हजुर नमस्ते,greeting
ललितपुर मा आगो छिट्टै फैलिँदैछ???,fire_incident_report
परिवार पुनर्मिलन प्रक्रिया के हो,family_reunification_status
जाँच्दैछु हजुर,fallback_unclear
बुबा लाई सुरक्षित फेला परेकोछ,family_reunification_status
ललितपुर मा घर भत्कियो छिटो,building_collapse_report
दाजु अझै घर आउनुभएको छैन,family_member_missing
एकदमधन्यवाद,goodbye_thanks
भक्तपुर मा घर भत्कियो!!,building_collapse_report
भूकम्प तयारीका सुझावहरू दिनुहोस् हजुर,preparedness_tips_query
दिदी सुरक्षित हुनुहुन्छ भनेर स्थिति अपडेट गर्न चाहन्छु प्लिज,family_reunification_status
पोखरा मा बिजुलीको तार खसेकोछ,power_outage_report
जाजरकोट माभूकम्प गयो,earthquake_occurring_report
अहिले हजुरबुबा सँग भेट भयो,family_reunification_status
काठमाडौं मा बिजुली गएको छ,power_outage_report
जाजरकोट मा तोकिएको सुरक्षित क्षेत्र कहाँ छ,safe_location_query
तिमी कतिउमेरको हौ,fallback_unclear
अहिले बुबासँग भेट भयो,family_reunification_status
भूकम्पपछि छोरी लाई भेट्टाउन सकिएको छैन,family_member_missing
पोखरा मा आगो लागेको छ,fire_incident_report
भूकम्पगयो,earthquake_occurring_report
भूकम्पको धक्का महसुस भयो प्लिज,earthquake_occurring_report
बाई है,goodbye_thanks
दाजु को लागिखाद्यान्न चाहियो,food_water_request
पोखरा नजिक ग्यास चुहावट भयो,gas_leak_report
बुबा लाईगम्भीर चोट लागेको छ,injury_report
ललितपुर मा तोकिएको सुरक्षित क्षेत्र कहाँ छ,safe_location_query
ललितपुर को लागि निकासा योजना,evacuation_guidance_query
क क क छिटो,fallback_unclear
दिदी बेहोस हुनुभयो है,medical_emergency_request
अहिले मैले के कदम चाल्ने प्लिज,status_check_general
यति नै हो धन्यवाद,goodbye_thanks
दाजु लडेरढाडमा चोटलाग्यो,injury_report
छोरी अझै घरआउनुभएको छैन,family_member_missing
गोर्खामा बिजुली गएको छ,power_outage_report
म डराएको छु मद्दत गर्नुहोस्,sos_help_request
हाम्रो घर असुरक्षित छ आश्रय चाहियो प्लिज,shelter_request
सहयोग गर्नु होला प्लिज,sos_help_request
गोर्खा नजिक पहिरोले सडक बन्द भयो,road_blockage_report
बचाउनुहोस्,sos_help_request
आपतकालीन किटमा के के हुनुपर्छ,preparedness_tips_query
पोखरा माजोडदार धक्का महसुस भयो,earthquake_occurring_report
भूकम्पको बेला खुट्टामा चोटलाग्यो,injury_report
जे पनि टाइप गर्दैछु,fallback_unclear
रगतबग्न रोक्ने उपाय के हो,first_aid_query
राहत शिविरमा बुबा भेटियो,family_reunification_status
भक्तपुर मा आगो छिट्टै फैलिँदैछ,fire_incident_report
सहयोगको लागि धन्यवाद,goodbye_thanks
दिदी लडेरढाडमा चोट लाग्यो,injury_report
सबैभन्दा नजिकको सुरक्षित क्षेत्र कहाँ छ प्लिज,safe_location_query
नजिकै कुनै राहत शिविर छकि,shelter_request
अहिले आमा सँग भेट भयो,family_reunification_status
छोरी को बेपत्ता व्यक्ति रिपोर्ट!!,family_member_missing
हजुर नमस्ते???,greeting
नजिकैको सुरक्षित ठाउँ कहाँ छ हजुर,safe_location_query
तिमी को हौ,fallback_unclear
मद्दत गर्नुहोस् है प्लिज,sos_help_request
के छ त!!,greeting
पराकम्प कति शक्तिशाली हुन्छ,aftershock_information_query
भूकम्पपछि आमा लाई भेट्टाउन सकिएको छैन,family_member_missing
उद्धार टोली चाहियो थुनिएको छु,trapped_debris_report
भूकम्पपछि चिरा देखा पर्यो!!,building_damage_check
दाजु लाई एम्बुलेन्स चाहियो छिटो???,medical_emergency_request
पोखरा मा घर भत्कियो,building_collapse_report
बिजुलीको तारबाट आगो लाग्यो,fire_incident_report
ललितपुर मा घर भत्कियो हजुर,building_collapse_report
भत्किएको घरभित्र फसेको छु,trapped_debris_report
काठमाडौं मा बिजुलीको तार खसेको छ,power_outage_report
अहिले नैमद्दत चाहियो,sos_help_request
जाजरकोट मा बिजुली गएको छ,power_outage_report
परिवारको भेला हुने ठाउँ कसरी योजनाबनाउने,preparedness_tips_query
दिदी भग्नावशेषमुनि थुनिनुभयो,trapped_debris_report
सहयोग???,sos_help_request
घर भत्किएर भित्र फसियौं,trapped_debris_report
जाजरकोट मा तोकिएको सुरक्षित क्षेत्र कहाँछ,safe_location_query
घाउमापट्टी कसरी बाँध्ने,first_aid_query
जाजरकोटमा जोडदार धक्का महसुस भयो,earthquake_occurring_report
गोर्खा को लागि पराकम्प चेतावनी,aftershock_information_query
धन्यबाद है,goodbye_thanks
खानेपानी चाहियो हजुर,food_water_request
नेपाल रेडक्रसको हेल्पलाइन नम्बर छिटो,emergency_contact_request
अहिले दिदी सँग भेट भयो,family_reunification_status
हजुरनमस्ते,greeting
सहयोगगर्नु होला,sos_help_request
के छत,greeting
घाउ भएको ठाउँमा कसरी उपचार गर्ने है,first_aid_query
एकदम धन्यवाद,goodbye_thanks
आपतकालीन सम्पर्क नम्बरहरूको सूची,emergency_contact_request
धन्यवाद,goodbye_thanks
सिलिन्डरबाट ग्यास चुहिँदैछ,gas_leak_report
भूकम्पदेखि बिजुली छैन,power_outage_report
मेडिकल इमर्जेन्सी छ मद्दत गर्नुहोस्,medical_emergency_request
पोलेको ठाउँको लागि प्राथमिक उपचार,first_aid_query
सिलिन्डरबाट ग्यासचुहिँदैछ,gas_leak_report
म र छोरी थुनिएका छौं,trapped_debris_report
छोरा भग्नावशेषमुनिथुनिनुभयो,trapped_debris_report
भवनबाट निकासा गर्ने चरणहरू,evacuation_guidance_query
छोरी सँग सम्पर्क टुटेको छ,family_member_missing
प्राथमिक उपचार किटमा के चाहिन्छ हजुर,first_aid_query
भर्खरै भूकम्प आयो!!,earthquake_occurring_report
ललितपुर माआगो लागेको छ,fire_incident_report
जाजरकोट मा बिजुलीको तार खसेको छ!!,power_outage_report
दिदी रबालबालिकाका लागि आश्रय चाहियो,shelter_request
बच्चाकोलागि फर्मुला र पानी चाहियो,food_water_request
आमा लाई गम्भीर चोट लागेको छ हजुर,injury_report
छत खसेर हजुरआमा थुनिनुभयो,trapped_debris_report
भूकम्पपछि के गर्ने,status_check_general
ललितपुर मा बिजुलीको तार खसेको छ,power_outage_report
दाजु लाई छातीमा दुखाइ भइरहेको छ!!,medical_emergency_request
काठमाडौं नजिकको पुल भत्कियो,road_blockage_report
गोर्खा मा बिजुलीको तार खसेकोछ,power_outage_report
ललितपुर नजिकपहिरोले सडक बन्द भयो,road_blockage_report
भूकम्पको लागि गो-ब्याग कसरी तयार पार्ने प्लिज,preparedness_tips_query
बाई,goodbye_thanks
भूकम्प ५ मिनेट अगाडि आएको हो,earthquake_occurring_report
पराकम्पको जानकारी दिनुहोस्,aftershock_information_query
बच्चाको लागि फर्मुला र पानीचाहियो,food_water_request
मलबाका कारण राजमार्ग बन्द भयो,road_blockage_report
घरमा भूकम्प तयारीको उत्तम अभ्यास के हो,preparedness_tips_query
म डराएको छु मद्दत गर्नुहोस्???,sos_help_request
आमा सँग सम्पर्क टुटेको छ,family_member_missing
बेहोस भएको मान्छेलाई कसरी मद्दत गर्ने है,first_aid_query
मद्दत पठाउनुहोस्,sos_help_request
मलाईबचाउनुहोस्,sos_help_request
पोखरा नजिकैको घरमा आगो लागेको छ,fire_incident_report
हजुरआमा बेहोस हुनुभयो है,medical_emergency_request
धन्यवाद बुवा छिटो,goodbye_thanks
मलाई थाहा छैनके गर्ने,status_check_general
मलाई चोट लागेको छ प्लिज,injury_report
भक्तपुर माआगो छिट्टै फैलिँदैछ,fire_incident_report
गोडा मर्केर हिँड्नसकिँन,injury_report
सहयोग हजुर,sos_help_request
मुख्य सडक बन्दछ,road_blockage_report
दिदी लडेरढाडमा चोटलाग्यो,injury_report
आमा लाई छातीमा दुखाइ भइरहेकोछ,medical_emergency_request
भान्सामा ग्यास धेरै चुहिँदैछ है,gas_leak_report
हजुरबुबा लडेरढाडमा चोट लाग्यो छिटो,injury_report
पोखरा मा आगो छिट्टै फैलिँदैछ,fire_incident_report
भेटिएको परिवार सदस्य कसरी दर्ता गर्ने???,family_reunification_status
दाजु लाई गहिरो घाउ छ???,injury_report
ग्यासको पाइप भाँचियो भूकम्पमा,gas_leak_report
पोखरा नजिकग्यास चुहावट भयो,gas_leak_report
धन्यवाद बुवा,goodbye_thanks
धन्यवाद है साथी प्लिज,goodbye_thanks
राहत शिविरमा दाजु भेटियो छिटो,family_reunification_status
ललितपुरजान सकिँदैन सडक बन्द छ,road_blockage_report
ललितपुर को लागि पराकम्प चेतावनी,aftershock_information_query
धन्यवाद दाई!!,goodbye_thanks
अहिलेको अवस्था के हो,status_check_general
अहँ!!,fallback_unclear
सुप्रभात छिटो,greeting
मौसम कस्तो छ छिटो,fallback_unclear
हेल्लो हजुर,greeting
काठमाडौं मा जोडदार धक्का महसुस भयो???,earthquake_occurring_report
भूकम्पले सबै हल्लियो छिटो,earthquake_occurring_report
हाम्रोक्षेत्रमा बिजुली कटौती भयो,power_outage_report
भूकम्पआयो,earthquake_occurring_report
बुबा को बेपत्ता व्यक्ति रिपोर्ट,family_member_missing
बिजुलीको तारबाटआगो लाग्यो,fire_incident_report
हजुरआमा सँग सम्पर्क टुटेको छ हजुर,family_member_missing
आमालाई एम्बुलेन्स चाहियो छिटो,medical_emergency_request
बच्चाको लागि फर्मुला र पानी चाहियो,food_water_request
मेरो भवन सुरक्षित छ कि भनेर कसरी थाहा पाउने,building_damage_check
इँटा खसेर लाग्यो!!,injury_report
वृद्धवृद्धाहरूसँग कसरी निकासा गर्ने???,evacuation_guidance_query
गोडा मर्केर हिँड्न सकिँन!!,injury_report
स्कूल भवन आंशिकरूपमा भत्कियो,building_collapse_report
घरमा ग्यास चुहावट भयो प्लिज,gas_leak_report
दिदी सुरक्षित हुनुहुन्छ भनेर स्थिति अपडेट गर्न चाहन्छु है,family_reunification_status
ग्यास चुल्होले आगो लाग्यो,fire_incident_report
उद्धारका लागि कहाँ फोन गर्ने,emergency_contact_request
अर्को चरणहरू भन्नुहोस्,status_check_general
छोरा अझै घर आउनुभएको छैन!!,family_member_missing
ललितपुर मा बिजुली गएको छ प्लिज,power_outage_report
कसैले सहयोग गर्नुहोस् है,sos_help_request
मेरो घरमा चिरा परेकोछ सुरक्षित छ कि छैन,building_damage_check
गोर्खा जान सकिँदैन सडक बन्द छ छिटो,road_blockage_report
पोखरा मा आगो लागेको छ छिटो,fire_incident_report
धन्यवाद है साथी,goodbye_thanks
आपतकालीन सामान कति पटक जाँच्ने हजुर,preparedness_tips_query
नजिकैको राहत शिविर कहाँ छ,shelter_request
कसैले सहयोग गर्नुहोस्???,sos_help_request
मलाईमद्दत चाहियो,sos_help_request
छोरा अझै घर आउनुभएको छैन,family_member_missing
गर्भवती महिलालाई उपचार चाहियो है,medical_emergency_request
गोर्खा नजिक ग्यास चुहावट भयो!!,gas_leak_report
ल ठिकछ बाई,goodbye_thanks
भक्तपुर नजिकैको घरमा आगो लागेको छ,fire_incident_report
मेरोपरिवारको लागि आश्रय चाहियो,shelter_request
मद्दतपठाउनुहोस्,sos_help_request
पर्खालमा ठूला चिरा छन् बाहिरिनु पर्छ कि छिटो,building_damage_check
नमस्कार!!,greeting
एम्बुलेन्सको नम्बर केहो,emergency_contact_request
दाजु लाई गम्भीरचोट लागेको छ,injury_report
आमा र बालबालिकाका लागि आश्रय चाहियो???,shelter_request
क क क,fallback_unclear
दाजु र बालबालिकाकालागि आश्रय चाहियो,shelter_request
जाजरकोटमा बिजुली गएको छ,power_outage_report
सुरक्षित रूपमा कसरी निकासा गर्ने छिटो,evacuation_guidance_query
अर्को भूकम्प आउने छ कि प्लिज,aftershock_information_query
मद्दतगर है,sos_help_request
काठमाडौं नजिकैकोघरमा आगो लागेको छ,fire_incident_report
निकासाको मार्ग के हो,evacuation_guidance_query
दिदी लाई एम्बुलेन्स चाहियो छिटो,medical_emergency_request
नमस्ते छिटो,greeting
घर भत्किएर भित्र फसियौं छिटो,trapped_debris_report
यो घरमा बस्न सुरक्षित छ कि छैन,building_damage_check
हाम्रो क्षेत्रमा बिजुली कटौती भयो,power_outage_report
के म भवनभित्र फेरि जान मिल्छ,building_damage_check
काठमाडौं जान सकिँदैन सडक बन्द छ,road_blockage_report
अहिले कुन चरण पालनागर्ने,status_check_general
भूकम्पपछि ग्यासको गन्ध आइरहेको छ,gas_leak_report
भूकम्पदेखिबिजुली छैन,power_outage_report
अर्को चरणहरू भन्नुहोस्!!,status_check_general
यो भूकम्पसँग सम्बन्धित छैन,fallback_unclear
तिमीले के के गर्न सक्छौ,fallback_unclear
भग्नावशेष खसेर टाउकोमा चोट लाग्यो,injury_report
काठमाडौं को लागि निकासा योजना छिटो,evacuation_guidance_query
हजुरआमा भग्नावशेषमुनि थुनिनुभयो,trapped_debris_report
काठमाडौं मा सम्पूर्ण भवन ढल्यो!!,building_collapse_report
हेल्लो हजुर है,greeting
गीत गाउन सक्छौ,fallback_unclear
आमा लाई छातीमा दुखाइ भइरहेको छ,medical_emergency_request
छोरी सँगसम्पर्क टुटेको छ,family_member_missing
सबैभन्दा नजिकको सुरक्षित क्षेत्र कहाँ छ!!,safe_location_query
अहिले हजुरआमा सँग भेट भयो छिटो,family_reunification_status
पोखरा नजिक पहिरोले सडक बन्द भयो,road_blockage_report
भाँचिएको हातको लागि प्राथमिक उपचार है,first_aid_query
नेपाल रेडक्रसको हेल्पलाइन नम्बर!!,emergency_contact_request
भक्तपुर मा सम्पूर्ण भवन ढल्यो,building_collapse_report
हजुरलाईनमस्कार,greeting
पराकम्पपछि घरभित्र सुत्न सुरक्षितछ कि,aftershock_information_query
भक्तपुरमा तोकिएको सुरक्षित क्षेत्र कहाँ छ,safe_location_query
आमासँग सम्पर्क टुटेको छ,family_member_missing
बुबा र बालबालिकाका लागि आश्रय चाहियो,shelter_request
खानेपानीचाहियो,food_water_request
भक्तपुर नजिकको पुल भत्कियो है,road_blockage_report
दिदी भग्नावशेषमुनि थुनिनुभयो हजुर,trapped_debris_report
फेरिभेटौंला,goodbye_thanks
दाजु लाई सुरक्षित फेला परेको छ,family_reunification_status
मलाई थाहा छैन के गर्ने,status_check_general
हजुरबुबा लाई एम्बुलेन्स चाहियो छिटो,medical_emergency_request
पराकम्पपछि घरभित्र सुत्न सुरक्षित छ कि है,aftershock_information_query
राष्ट्रिय आपतकालीन कार्य केन्द्रको नम्बर,emergency_contact_request
पर्यटक प्रहरीको नम्बर दिनुहोस्!!,emergency_contact_request
मद्दत चाहियो,sos_help_request
यो भूकम्प हो कि हजुर,earthquake_occurring_report
राहतशिविरमा दाजु भेटियो,family_reunification_status
के गर्ने भनेर मलाई मार्गदर्शन गर्नुहोस् हजुर,status_check_general
अहिले नै मद्दत चाहियो है,sos_help_request
हजुरबुबा लाई गहिरो घाउ छ,injury_report
हाम्रो क्षेत्रमाबिजुली कटौती भयो,power_outage_report
घाउमा पट्टी कसरीबाँध्ने,first_aid_query
यति नैहो धन्यवाद,goodbye_thanks
गोर्खा कोलागि निकासा योजना,evacuation_guidance_query
भक्तपुर को लागि पराकम्प चेतावनी,aftershock_information_query
दाजु बेहोस हुनुभयो,medical_emergency_request
हेल्लो???,greeting
दिदी र बालबालिकाका लागि आश्रय चाहियो,shelter_request
हामीले अस्थायीआश्रय कहाँ पाउन सक्छौं,shelter_request
पोखरा मा आगो लागेको छ है,fire_incident_report
दाजुसुरक्षित हुनुहुन्छ भनेर स्थिति अपडेट गर्न चाहन्छु,family_reunification_status
अहिले मैले के गर्नुपर्छ,status_check_general
काठमाडौं नजिक पहिरोले सडक बन्द भयो,road_blockage_report
जोकभन,fallback_unclear
पोखरा मा एम्बुलेन्स चाहियो,medical_emergency_request
दाजु लाई गहिरोघाउ छ,injury_report
नमस्तेबुवा,greeting
दाजु लाई सुरक्षित फेलापरेको छ,family_reunification_status
म र दिदी थुनिएका छौं प्लिज,trapped_debris_report
भक्तपुर जान सकिँदैन सडक बन्द छ,road_blockage_report
मेरो परिवारको सदस्य सुरक्षित भेटियो है,family_reunification_status
एस ओ एस हजुर,sos_help_request
पोखरा मा तोकिएको सुरक्षित क्षेत्र कहाँ छ,safe_location_query
काठमाडौं मा आगो छिट्टै फैलिँदैछ हजुर,fire_incident_report
शुभ प्रभात,greeting
ललितपुर मा जोडदार धक्का महसुस भयो???,earthquake_occurring_report
भक्तपुर नजिक ग्यास चुहावट भयो,gas_leak_report
यो भूकम्पसँगसम्बन्धित छैन,fallback_unclear
गोर्खा मा सम्पूर्ण भवन ढल्यो,building_collapse_report
नजिकैको सुरक्षित भेला हुने ठाउँ,safe_location_query
अहिले भूकम्पगयो,earthquake_occurring_report
सुप्रभात,greeting
छत खसेर छोरा थुनिनुभयो???,trapped_debris_report
म र दाजु थुनिएका छौं,trapped_debris_report
घर धेरै हल्लियो,earthquake_occurring_report
हजुरआमा भग्नावशेषमुनिथुनिनुभयो,trapped_debris_report
मलाई बचाउनुहोस् हजुर,sos_help_request
भवनबाट बाहिर निस्कने सबैभन्दा सुरक्षित तरिका,evacuation_guidance_query
काठमाडौं मा बिजुलीको तारखसेको छ,power_outage_report
मद्दत गरहै,sos_help_request
जे पनि टाइप गर्दैछु!!,fallback_unclear
भक्तपुर को लागि निकासा योजना है,evacuation_guidance_query
गोर्खा मा सम्पूर्ण भवन ढल्यो???,building_collapse_report
मसुरक्षाको लागि कहाँ जानुपर्छ,safe_location_query
दिदी सुरक्षित हुनुहुन्छ भनेर स्थिति अपडेट गर्न चाहन्छु,family_reunification_status
नजिकैकोराहत शिविर कहाँ छ,shelter_request
म र आमा थुनिएका छौं,trapped_debris_report
मलाई तुरुन्तै के गर्ने भनेर भन्नुहोस् हजुर,status_check_general
खाना र पानी सकियो है,food_water_request
हजुरबुबा लाई गम्भीर चोटलागेको छ,injury_report
मर्केको खुट्टाको लागिके गर्ने,first_aid_query
भूकम्पदेखि बुबा कोफोन लाग्दैन,family_member_missing
मौसम कस्तो छ प्लिज,fallback_unclear
पर्खालमा ठूला चिरा छन् बाहिरिनु पर्छ कि,building_damage_check
उद्धार टोली चाहियो थुनिएको छु है,trapped_debris_report
दिदी लाई गहिरो घाउ छ,injury_report
उद्धारकालागि नजिकैको खुल्ला ठाउँ,safe_location_query
के छ त,greeting
हजुरआमा लाई गम्भीर चोट लागेको छ!!,injury_report
गोर्खा मा तोकिएको सुरक्षित क्षेत्र कहाँ छ???,safe_location_query
हजुरआमा सुरक्षित हुनुहुन्छ भनेर स्थिति अपडेट गर्नचाहन्छु,family_reunification_status
मद्दत गर्नुहोस् है,sos_help_request
राष्ट्रिय आपतकालीन कार्य केन्द्रको नम्बर है,emergency_contact_request
जाजरकोट मा घरभत्कियो,building_collapse_report
ल ठिक छधन्यवाद,goodbye_thanks
५ मिनेट अगाडि भूकम्प आयो,earthquake_occurring_report
के गर्ने भनेरमलाई मार्गदर्शन गर्नुहोस्,status_check_general
छिटोमद्दत चाहियो,sos_help_request
बुबा लडेरढाडमा चोटलाग्यो,injury_report
धन्यवाद हजुर,goodbye_thanks
ललितपुर मा एम्बुलेन्स चाहियो,medical_emergency_request
संरचना भत्कियो मानिसहरू भित्रै हुन सक्छन्,building_collapse_report
हजुरआमा सँग सम्पर्क टुटेको छ???,family_member_missing
साथीनमस्ते,greeting
कोही छ सहयोग गर्नुहोस्???,sos_help_request
नमस्ते बुवा,greeting
जाजरकोट मा भूकम्प गयो,earthquake_occurring_report
रगत बग्नरोक्ने उपाय के हो,first_aid_query
पोखरा मासम्पूर्ण भवन ढल्यो,building_collapse_report
नमस्कार सर प्लिज,greeting
यो भूकम्प हो कि,earthquake_occurring_report
बुबा लडेरढाडमा चोट लाग्यो,injury_report
म सुरक्षाको लागि कहाँ जानुपर्छ,safe_location_query
दुईदिनदेखि बिजुली छैन,power_outage_report
विपद रिपोर्टिङहटलाइन,emergency_contact_request
फर्निचरलाई खस्नबाट कसरी सुरक्षित गर्ने!!,preparedness_tips_query
बुबाको बेपत्ता व्यक्ति रिपोर्ट,family_member_missing
भूकम्पको बेला खुट्टामा चोट लाग्यो,injury_report
भक्तपुर को लागि निकासा योजना हजुर,evacuation_guidance_query
दाजु लाई गम्भीर चोट लागेको छ,injury_report
भूकम्पपछि के गर्ने है,status_check_general
धेरै रगत बगिरहेको छ मेडिक चाहियो,medical_emergency_request
ललितपुर नजिक ग्यास चुहावट भयो छिटो,gas_leak_report
सी पीआर कसरी गर्ने,first_aid_query
हजुरबुबाको बेपत्ता व्यक्ति रिपोर्ट,family_member_missing
भूकम्पपछि आगलागी भयो है,fire_incident_report
ललितपुर नजिक ग्यास चुहावट भयो,gas_leak_report
पोखरा मा बिजुलीको तार खसेको छ,power_outage_report
पोखरा मा घर भत्कियो!!,building_collapse_report
जोडदार भूकम्प आयो???,earthquake_occurring_report
म र दाजु थुनिएका छौं है,trapped_debris_report
धेरै धन्यवाद!!,goodbye_thanks
आमा लाई सुरक्षित फेला परेको छ हजुर,family_reunification_status
काठमाडौं मा तोकिएको सुरक्षित क्षेत्र कहाँछ,safe_location_query
भक्तपुर जान सकिँदैन सडक बन्द छ प्लिज,road_blockage_report
पराकम्प कति शक्तिशाली हुन्छ छिटो,aftershock_information_query
ललितपुर नजिक पहिरोले सडक बन्द भयो,road_blockage_report
मद्दतचाहियो,sos_help_request
के हामी अहिले नै निकासा गर्नुपर्छ छिटो,evacuation_guidance_query
भक्तपुर नजिक पहिरोले सडक बन्द भयो प्लिज,road_blockage_report
गर्भवती महिलालाई उपचार चाहियो,medical_emergency_request
पाल शिविरको स्थान चाहियो हजुर,shelter_request
मद्दतको लागिधन्यवाद,goodbye_thanks
प्रहरीआपतकालीन नम्बर दिनुहोस्,emergency_contact_request
बुबा लाई छातीमा दुखाइ भइरहेको छ,medical_emergency_request
परिवारपुनर्मिलन प्रक्रिया के हो,family_reunification_status
जाजरकोट मा आगोलागेको छ,fire_incident_report
गोर्खा मा जोडदार धक्का महसुस भयो हजुर,earthquake_occurring_report
पोखरा नजिकैको घरमा आगो लागेको छ???,fire_incident_report
पोखरा मा भूकम्पगयो,earthquake_occurring_report
काठमाडौंमा भूकम्प गयो,earthquake_occurring_report
काठमाडौं नजिकैको घरमा आगो लागेको छ???,fire_incident_report
पोखरामा एम्बुलेन्स चाहियो,medical_emergency_request
भक्तपुर मा बिजुलीको तार खसेको छ प्लिज,power_outage_report
मेरो घरमा चिरा परेको छसुरक्षित छ कि छैन,building_damage_check
काठमाडौं मा सम्पूर्ण भवन ढल्यो,building_collapse_report
हामीले अस्थायी आश्रय कहाँ पाउन सक्छौं,shelter_request
एस ओएस,sos_help_request
भूकम्पपछि आगलागी भयो,fire_incident_report
पोखरा नजिकको पुल भत्कियो छिटो,road_blockage_report
हजुरबुबा बेहोस हुनुभयो,medical_emergency_request
सुरक्षित रूपमा कसरी निकासा गर्ने???,evacuation_guidance_query
भक्तपुर मा बिजुलीको तार खसेको छ,power_outage_report
शुभप्रभात,greeting
कोही छ सहयोग गर्नुहोस् है,sos_help_request
ललितपुर मा सम्पूर्ण भवन ढल्यो प्लिज,building_collapse_report
नजिकैको खाद्य वितरण स्थल प्लिज,food_water_request
अहिले हजुरआमा सँग भेट भयो,family_reunification_status
५ मिनेट अगाडि भूकम्प आयो!!,earthquake_occurring_report
अहिले मैलेके गर्नुपर्छ,status_check_general
हजुरलाई नमस्कार,greeting
फर्निचरलाई खस्नबाट कसरी सुरक्षित गर्ने छिटो,preparedness_tips_query
जाजरकोट नजिक पहिरोले सडक बन्द भयो,road_blockage_report
ललितपुर को लागि पराकम्प चेतावनी प्लिज,aftershock_information_query
भूकम्पको लागि गो-ब्याग कसरीतयार पार्ने,preparedness_tips_query
बुबा भग्नावशेषमुनि थुनिनुभयो,trapped_debris_report
जाजरकोट जान सकिँदैन सडक बन्द छ,road_blockage_report
छोरी सँग सम्पर्क टुटेको छ???,family_member_missing
भक्तपुरमा आगो छिट्टै फैलिँदैछ,fire_incident_report
पोखरा मा तोकिएको सुरक्षित क्षेत्र कहाँ छ है,safe_location_query
दिदी लाई सुरक्षित फेला परेको छ,family_reunification_status
मलबाका कारण राजमार्ग बन्द भयो है,road_blockage_report
यो घरमा बस्न सुरक्षित छ कि छैन है,building_damage_check
भग्नावशेष खसेर टाउकोमा चोट लाग्यो!!,injury_report
बुबा को बेपत्ताव्यक्ति रिपोर्ट,family_member_missing
पोखरा को लागि पराकम्प चेतावनी,aftershock_information_query
गोर्खा नजिकको पुलभत्कियो,road_blockage_report
भूकम्प आयो है,earthquake_occurring_report
सी पी आर कसरी गर्ने छिटो,first_aid_query
घरभरिग्यासको गन्ध छ,gas_leak_report
निकासाका निर्देशनहरू दिनुहोस्!!,evacuation_guidance_query
गोर्खा मा बिजुली गएकोछ,power_outage_report
भूकम्पदेखि छोरी बेपत्ता हुनुभएको छ है,family_member_missing
गोर्खा मा घर भत्कियो,building_collapse_report
पोखरा को लागिनिकासा योजना,evacuation_guidance_query
भूकम्पपछि केगर्ने,status_check_general
स्कूल भवन आंशिक रूपमा भत्कियो,building_collapse_report
छिटो मद्दत चाहियो है,sos_help_request
भर्खरै भूकम्प आयो,earthquake_occurring_report
दिदी लाई सुरक्षित फेला परेकोछ,family_reunification_status
अहिले भूकम्प गयो???,earthquake_occurring_report
सफा खानेपानी तुरुन्तै चाहियो,food_water_request
आमा सँग सम्पर्क टुटेको छ!!,family_member_missing
तिमी को हौ हजुर,fallback_unclear
पोखरा नजिकको पुल भत्कियो,road_blockage_report
भूकम्पपछि सडकक्षतिग्रस्त भयो,road_blockage_report
आपतकालीन किटमा के के हुनुपर्छ छिटो,preparedness_tips_query
दाजु को लागि खाद्यान्न चाहियो हजुर,food_water_request
काठमाडौं जान सकिँदैन सडकबन्द छ,road_blockage_report
मलाई बचाउनुहोस्,sos_help_request
आमा सुरक्षित हुनुहुन्छ भनेर स्थिति अपडेटगर्न चाहन्छु,family_reunification_status
सडक चिरा परेर जान सकिँदैन,road_blockage_report
हजुरबुबा लाई गम्भीर चोट लागेको छ,injury_report
भक्तपुर नजिकैको घरमा आगो लागेको छ है,fire_incident_report
मद्दतकोलागि धन्यवाद,goodbye_thanks
कति पराकम्प आउने अपेक्षा छ,aftershock_information_query
घरबाट धुवाँ आइरहेको छ,fire_incident_report
सहयोग गर्नु होला,sos_help_request
भवनबाट बाहिर निस्कने सबैभन्दा सुरक्षित तरिका छिटो,evacuation_guidance_query
ललितपुर मा आगो छिट्टै फैलिँदैछ,fire_incident_report
हजुरबुबा को बेपत्ता व्यक्ति रिपोर्ट,family_member_missing
विस्थापितहरूलाई बस्ने ठाउँ चाहिन्छ प्लिज,shelter_request
आदाब,greeting
पर्खालले थिचेको छ हल्लन सक्दिन है,trapped_debris_report
घरमा भूकम्प तयारीको उत्तम अभ्यासके हो,preparedness_tips_query
मद्दत पठाउनुहोस्!!,sos_help_request
भूकम्प तयारीका सुझावहरू दिनुहोस्,preparedness_tips_query
ललितपुर मा बिजुलीको तार खसेको छ है,power_outage_report
म सुरक्षाको लागि कहाँ जानुपर्छ???,safe_location_query
काठमाडौं नजिकको पुल भत्कियो???,road_blockage_report
बालहेल्पलाइन नम्बर,emergency_contact_request
गोर्खा मा बिजुलीको तार खसेको छ!!,power_outage_report
मेडिकल इमर्जेन्सी छ मद्दतगर्नुहोस्,medical_emergency_request
ललितपुर मा आमा लाई खोजिरहेको छु,family_member_missing
भवनबाट निकासा गर्ने चरणहरू प्लिज,evacuation_guidance_query
क क क है,fallback_unclear
भत्किएको घरभित्र फसेको छु छिटो,trapped_debris_report
मद्दत चाहियो हजुर,sos_help_request
म र हजुरआमा थुनिएकाछौं,trapped_debris_report
भूकम्पपछि सडक क्षतिग्रस्त भयो,road_blockage_report
प्रहरी आपतकालीन नम्बर दिनुहोस् छिटो,emergency_contact_request
दिदी भग्नावशेषमुनिथुनिनुभयो,trapped_debris_report
भूकम्प गयो,earthquake_occurring_report
बचाउनुहोस्!!,sos_help_request
बालबालिकालाई भूकम्प अभ्यासको लागि कसरीतयार पार्ने,preparedness_tips_query
गोर्खा मा घर भत्कियो!!,building_collapse_report
बुबा लाई एम्बुलेन्स चाहियो छिटो,medical_emergency_request
फेरि भेटौंला,goodbye_thanks
भूकम्पदेखि छोरी बेपत्ता हुनुभएको छ,family_member_missing
दिदी लाई एम्बुलेन्स चाहियोछिटो,medical_emergency_request
दमकलकोसम्पर्क नम्बर,emergency_contact_request
बचाउनुहोस्???,sos_help_request
काठमाडौं मा घर भत्कियो,building_collapse_report
नमस्ते दाइ!!,greeting
खानेपानी चाहियो,food_water_request
भूकम्पपछि दाजु लाई भेट्टाउन सकिएको छैन प्लिज,family_member_missing
मलाई तुरुन्तै के गर्ने भनेर भन्नुहोस् छिटो,status_check_general
टाउकोबाटरगत बगिरहेको छ,injury_report
खुट्टामा घाउ भएर रगत बगिरहेको छ,injury_report
ओके धन्यवाद हजुर,goodbye_thanks
धेरैरगत बगिरहेको छ मेडिक चाहियो,medical_emergency_request
हजुरआमाको बेपत्ता व्यक्ति रिपोर्ट,family_member_missing
पराकम्पकति शक्तिशाली हुन्छ,aftershock_information_query
रगत बग्न रोक्ने उपाय के हो,first_aid_query
हजुरआमा सँग सम्पर्क टुटेको छ,family_member_missing
सडक चिरापरेर जान सकिँदैन,road_blockage_report
केहो यो,fallback_unclear
नजिकैको अपार्टमेन्टभत्कियो,building_collapse_report
ल ठिक छ बाई,goodbye_thanks
काठमाडौं नजिक पहिरोले सडकबन्द भयो,road_blockage_report
ठिकै छ छोड्नुहोस् प्लिज,goodbye_thanks
उद्धारका लागि कहाँ फोन गर्ने छिटो,emergency_contact_request
भक्तपुर मा जोडदार धक्का महसुस भयो छिटो,earthquake_occurring_report
मडराएको छु मद्दत गर्नुहोस्,sos_help_request
बेहोस भएको मान्छेलाई कसरी मद्दत गर्ने,first_aid_query
म र हजुरबुबाथुनिएका छौं,trapped_debris_report
नजिकैको सुरक्षितभेला हुने ठाउँ,safe_location_query
घाउ भएको ठाउँमा कसरी उपचार गर्ने,first_aid_query
ललितपुर मा तोकिएकोसुरक्षित क्षेत्र कहाँ छ,safe_location_query
काठमाडौं मा तोकिएको सुरक्षित क्षेत्र कहाँ छ!!,safe_location_query
छिमेकभरि बिजुली गएको छ!!,power_outage_report
मलाई मद्दतचाहियो,sos_help_request
जाजरकोट नजिकको पुलभत्कियो,road_blockage_report
परिवारको लागि खाद्य सामग्री चाहियो,food_water_request
अहिले मैले के गर्ने,status_check_general
जाजरकोट मा तोकिएको सुरक्षित क्षेत्र कहाँ छ हजुर,safe_location_query
भूकम्पमा छत खस्यो,building_collapse_report
पर्खालमा चिरा देखिएको छ,building_damage_check
दाजु लाई गहिरो घाउ छ,injury_report
दिदी लाई सुरक्षित फेला परेको छ हजुर,family_reunification_status
ग्यासचुहावट भयो सल्लाह दिनुहोस्,gas_leak_report
म र छोरी थुनिएका छौं!!,trapped_debris_report
काठमाडौंमा आगो छिट्टै फैलिँदैछ,fire_incident_report
ठिकैछ छोड्नुहोस्,goodbye_thanks
पोलेको ठाउँको लागि प्राथमिक उपचार???,first_aid_query
भान्सामा ग्यास धेरै चुहिँदैछ,gas_leak_report
अहिले हजुरआमासँग भेट भयो,family_reunification_status
अहिले दाजु सँग भेट भयो,family_reunification_status
दाजु अझै घरआउनुभएको छैन,family_member_missing
बुबा लाई एम्बुलेन्सचाहियो छिटो,medical_emergency_request
भूकम्प अघि के के तयार राख्ने हजुर,preparedness_tips_query
नमस्ते बहिनी,greeting
पर्खालले थिचेको छ हल्लन सक्दिन,trapped_debris_report
भूकम्प अघि के के तयार राख्ने,preparedness_tips_query
ग्यास चुहावट भयो सल्लाह दिनुहोस् छिटो,gas_leak_report
म र दिदी थुनिएका छौं???,trapped_debris_report
अहिले दिदी सँग भेट भयो प्लिज,family_reunification_status
पोखरा मा भूकम्प गयो,earthquake_occurring_report
गोर्खा मा बिजुली गएको छ,power_outage_report
काठमाडौं मा भूकम्पगयो,earthquake_occurring_report
के हामीअहिले नै निकासा गर्नुपर्छ,evacuation_guidance_query
एकदम धन्यवाद हजुर,goodbye_thanks
सी पी आर कसरी गर्ने,first_aid_query
नजिकैको सुरक्षित ठाउँ कहाँ छ,safe_location_query
आमा लाई गहिरो घाउ छ,injury_report
छत खसेर हजुरबुबा थुनिनुभयो,trapped_debris_report
म र दाजु थुनिएकाछौं,trapped_debris_report
छतखसेर बुबा थुनिनुभयो,trapped_debris_report
कुन खुल्ला ठाउँ भेला हुन सुरक्षित छ है,safe_location_query
दाजु लडेरढाडमा चोट लाग्यो,injury_report
तिमी को हौ!!,fallback_unclear
भूकम्पपछि आमालाई भेट्टाउन सकिएको छैन,family_member_missing
पोखरामा आगो छिट्टै फैलिँदैछ,fire_incident_report
नमस्कारसर,greeting
बिहानदेखिदिदी बाट कुनै खबर छैन,family_member_missing
सफाखानेपानी तुरुन्तै चाहियो,food_water_request
भवन अलिकति ढल्किएको छ खतरा छ कि हजुर,building_damage_check
ललितपुर मा आगो लागेको छ,fire_incident_report
हिजोदेखि खाना छैन,food_water_request
धेरैधन्यवाद,goodbye_thanks
केपराकम्प आउने छ,aftershock_information_query
नमस्ते बहिनी!!,greeting
भक्तपुर नजिक ग्यास चुहावट भयो???,gas_leak_report
पोलेको ठाउँको लागि प्राथमिक उपचार है,first_aid_query
ललितपुर नजिक पहिरोले सडक बन्द भयो हजुर,road_blockage_report
अहिले मैलेके गर्ने,status_check_general
गोर्खा मा तोकिएको सुरक्षित क्षेत्र कहाँ छ,safe_location_query
छिटो निकाल्नुहोस् थुनिएको छु,trapped_debris_report
दाजु भग्नावशेषमुनि थुनिनुभयो???,trapped_debris_report
ललितपुर को लागि निकासा योजना हजुर,evacuation_guidance_query
ठिक छ धन्यवाद है,goodbye_thanks
हिजोदेखि खाना छैन है,food_water_request
प्राथमिक उपचार किटमा के चाहिन्छ,first_aid_query
अहिले कुन चरण पालना गर्ने???,status_check_general
बिजुली कहिले आउँछ,power_outage_report
आमा सुरक्षित हुनुहुन्छ भनेर स्थिति अपडेट गर्न चाहन्छु,family_reunification_status
बहिनी नमस्ते,greeting
फर्निचरलाई खस्नबाट कसरी सुरक्षित गर्ने,preparedness_tips_query
के गर्ने भनेर मलाई मार्गदर्शन गर्नुहोस्,status_check_general
थाहा छैन हजुर,fallback_unclear
बहिनी नमस्ते छिटो,greeting
दाजु र बालबालिकाका लागि आश्रय चाहियो!!,shelter_request
घर बलिरहेको छ दमकल चाहियो प्लिज,fire_incident_report
जाजरकोट नजिकैको घरमा आगो लागेको छ,fire_incident_report
जोक भन,fallback_unclear
भक्तपुर नजिक पहिरोले सडक बन्द भयो,road_blockage_report
हजुरआमा लडेरढाडमा चोटलाग्यो,injury_report
भूकम्पदेखि हजुरबुबा बेपत्ता हुनुभएको छ हजुर,family_member_missing
हजुरआमा बेहोस हुनुभयो,medical_emergency_request
आमा बेहोसहुनुभयो,medical_emergency_request
पानीको आपूर्ति बन्द भयो पानी चाहियो!!,food_water_request
के हो यो,fallback_unclear
हाम्रो घर पूर्ण रूपमाभत्कियो,building_collapse_report
आपतकालीन सामान कति पटक जाँच्ने???,preparedness_tips_query
भूकम्पदेखि छोरी को फोन लाग्दैन!!,family_member_missing
घरमा ग्यास चुहावट भयो,gas_leak_report
जाजरकोटनजिक पहिरोले सडक बन्द भयो,road_blockage_report
थाहा छैन,fallback_unclear
यो भूकम्पहो कि,earthquake_occurring_report
धन्यबाद है छिटो,goodbye_thanks
अहँ,fallback_unclear
अर्को चरणहरू भन्नुहोस् छिटो,status_check_general
मलाई थाहा छैन के गर्ने है,status_check_general
घर पूर्ण रूपमा भत्कियो,building_collapse_report
भान्सामा सानो आगो लागेकोछ,fire_incident_report
भूकम्पपछि दाजु लाई भेट्टाउनसकिएको छैन,family_member_missing
धन्यवाद है,goodbye_thanks
मेरो भवन सुरक्षित छ कि भनेर कसरी थाहा पाउने प्लिज,building_damage_check
कसैले सहयोग गर्नुहोस्,sos_help_request
ललितपुर मा एम्बुलेन्स चाहियो???,medical_emergency_request
बाल हेल्पलाइननम्बर,emergency_contact_request
राहत शिविरमा हजुरआमा भेटियो,family_reunification_status
दाजु भग्नावशेषमुनि थुनिनुभयो,trapped_debris_report
राहत शिविरमा हजुरआमाभेटियो,family_reunification_status
आमा र बालबालिकाका लागि आश्रय चाहियो,shelter_request
दाजु लडेरढाडमा चोट लाग्यो हजुर,injury_report
निकासाका निर्देशनहरूदिनुहोस्,evacuation_guidance_query
नजिकैको खाद्य वितरण स्थल,food_water_request
म र आमाथुनिएका छौं,trapped_debris_report
काठमाडौं नजिककोपुल भत्कियो,road_blockage_report
तिमी कति उमेरको हौ है,fallback_unclear
मलाईचोट लागेको छ,injury_report
प्राथमिक उपचारकिटमा के चाहिन्छ,first_aid_query
हाइ,greeting
आज राति थप धक्का आउन सक्छ कि,aftershock_information_query
डाक्टर तुरुन्तै चाहियो प्लिज,medical_emergency_request
ललितपुर मा आमा लाई खोजिरहेको छु!!,family_member_missing
पानीको आपूर्ति बन्द भयो पानी चाहियो,food_water_request
दिदी को लागि खाद्यान्न चाहियो!!,food_water_request
के म अहिलेघरभित्र फर्कन सक्छु,building_damage_check
मद्दत गर है,sos_help_request
निकासाका निर्देशनहरू दिनुहोस्,evacuation_guidance_query
हजुरबुबा बेहोसहुनुभयो,medical_emergency_request
नेपाल रेडक्रसको हेल्पलाइन नम्बर,emergency_contact_request
भूकम्पपछि आमा लाईभेट्टाउन सकिएको छैन,family_member_missing
भक्तपुर जान सकिँदैन सडक बन्द छ!!,road_blockage_report
यहाँ सफा पानी उपलब्ध छैन,food_water_request
आमा लाई गहिरो घाउ छ प्लिज,injury_report
आमाबेहोस हुनुभयो,medical_emergency_request
भूकम्प भर्खरै आएको हो,earthquake_occurring_report
शुभ प्रभात???,greeting
जाजरकोट नजिकको पुल भत्कियो,road_blockage_report
काठमाडौं नजिक ग्यास चुहावटभयो,gas_leak_report
भूकम्प ५मिनेट अगाडि आएको हो,earthquake_occurring_report
के हामी तुरुन्तैनिकासा गर्नुपर्छ,evacuation_guidance_query
छोरी अझै घर आउनुभएको छैन,family_member_missing
गर्भवतीमहिलालाई उपचार चाहियो,medical_emergency_request
छोरा भग्नावशेषमुनि थुनिनुभयो,trapped_debris_report
के हामी अहिले नै निकासा गर्नुपर्छ,evacuation_guidance_query
बाईहै,goodbye_thanks
प्रहरी आपतकालीन नम्बर दिनुहोस्,emergency_contact_request
मर्केको खुट्टाको लागि के गर्ने,first_aid_query
ललितपुर नजिकको पुल भत्कियो,road_blockage_report
मुख्य सडक बन्द छ,road_blockage_report
हजुरआमाभग्नावशेषमुनि थुनिनुभयो,trapped_debris_report
एम्बुलेन्सको नम्बर के हो,emergency_contact_request
भक्तपुर मा बिजुली गएको छ,power_outage_report
भूकम्पदेखि हजुरबुबा को फोन लाग्दैन प्लिज,family_member_missing
म र छोरीथुनिएका छौं,trapped_debris_report
गोर्खा मा आगो छिट्टैफैलिँदैछ,fire_incident_report
गोर्खा जान सकिँदैन सडकबन्द छ,road_blockage_report
छत खसेर बुबा थुनिनुभयो,trapped_debris_report
सडकचिरा परेर जान सकिँदैन,road_blockage_report
ललितपुर नजिकग्यास चुहावट भयो,gas_leak_report
आमासुरक्षित हुनुहुन्छ भनेर स्थिति अपडेट गर्न चाहन्छु,family_reunification_status
ल ठिक छ बाई छिटो,goodbye_thanks
भूकम्पको धक्का महसुस भयो!!,earthquake_occurring_report
गोर्खा मा बिजुलीको तार खसेको छ,power_outage_report
पोखरा मा एम्बुलेन्स चाहियो हजुर,medical_emergency_request
गोर्खा नजिकको पुल भत्कियो है,road_blockage_report
हजुरआमा लाई छातीमा दुखाइ भइरहेको छ है,medical_emergency_request
ललितपुर जान सकिँदैनसडक बन्द छ,road_blockage_report
भूकम्पदेखि छोरी को फोन लाग्दैन प्लिज,family_member_missing
विपद रिपोर्टिङ हटलाइन है,emergency_contact_request
पहिरोले एकमात्रसडक बन्द भयो,road_blockage_report
हजुरबुबा लडेरढाडमाचोट लाग्यो,injury_report
भग्नावशेष खसेर टाउकोमा चोटलाग्यो,injury_report
भक्तपुर मा तोकिएको सुरक्षित क्षेत्र कहाँ छ प्लिज,safe_location_query
अहिलेको अवस्था केहो,status_check_general
कति पराकम्प आउने अपेक्षाछ,aftershock_information_query
धन्यवादहजुर,goodbye_thanks
सहयोग,sos_help_request
बुबा लाई गम्भीर चोट लागेको छ,injury_report
परिवारको भेला हुने ठाउँ कसरी योजना बनाउने,preparedness_tips_query
हजुरबुबाभग्नावशेषमुनि थुनिनुभयो,trapped_debris_report
कोही छ सहयोग गर्नुहोस्,sos_help_request
भूकम्पदेखि छोरी बेपत्ता हुनुभएको छ प्लिज,family_member_missing
मेरो परिवारको लागि आश्रय चाहियो???,shelter_request
भक्तपुर नजिकैकोघरमा आगो लागेको छ,fire_incident_report
परिवार पुनर्मिलन प्रक्रियाके हो,family_reunification_status
भूकम्पपछि हजुरबुबा लाई भेट्टाउन सकिएको छैन,family_member_missing
ललितपुर मा बिजुलीको तार खसेकोछ,power_outage_report
नजिकैको सुरक्षित भेला हुने ठाउँ!!,safe_location_query
म र हजुरबुबा थुनिएका छौं???,trapped_debris_report
मलाई मद्दत चाहियो,sos_help_request
पराकम्पकोजानकारी दिनुहोस्,aftershock_information_query
के छहाल,greeting
भाँचिएको हातको लागि प्राथमिक उपचार,first_aid_query
आमा को लागिखाद्यान्न चाहियो,food_water_request
आमा को लागि खाद्यान्न चाहियो,food_water_request
हाम्रो घर असुरक्षित छ आश्रय चाहियो,shelter_request
भर्खरैभूकम्प आयो,earthquake_occurring_report
बाल हेल्पलाइन नम्बर,emergency_contact_request
कुन खुल्ला ठाउँ भेला हुन सुरक्षित छ,safe_location_query
गोर्खा मा आगो छिट्टै फैलिँदैछ,fire_incident_report
पर्खालले थिचेकोछ हल्लन सक्दिन,trapped_debris_report
भक्तपुर नजिकको पुल भत्कियो,road_blockage_report
पोखरा मा सम्पूर्ण भवनढल्यो,building_collapse_report
ललितपुर नजिकैको घरमा आगो लागेको छ,fire_incident_report
गोर्खा नजिक ग्यास चुहावट भयो,gas_leak_report
ललितपुर मा आमा लाई खोजिरहेको छु प्लिज,family_member_missing
आपतकालीन सामान कति पटक जाँच्ने,preparedness_tips_query
मलाई चोट लागेको छ,injury_report
भूकम्पपछि ग्यासको गन्ध आइरहेको छ छिटो,gas_leak_report
भूकम्पपछिछोरी लाई भेट्टाउन सकिएको छैन,family_member_missing
हजुरबुबा भग्नावशेषमुनि थुनिनुभयो???,trapped_debris_report
ललितपुर मा बिजुली गएको छ है,power_outage_report
भक्तपुरमा बिजुली गएको छ,power_outage_report
अहिले हजुरबुबा सँग भेट भयो है,family_reunification_status
भूकम्पदेखि छोरी को फोन लाग्दैन,family_member_missing
उद्धारकालागि कहाँ फोन गर्ने,emergency_contact_request
भाँचिएको हातको लागि प्राथमिक उपचार???,first_aid_query
राहत शिविरमाबुबा भेटियो,family_reunification_status
भूकम्पपछि छोरीलाई भेट्टाउन सकिएको छैन,family_member_missing
घरबाट धुवाँआइरहेको छ,fire_incident_report
पोखरानजिक ग्यास चुहावट भयो,gas_leak_report
हजुरबुबा लडेरढाडमा चोट लाग्यो,injury_report
दिदी लाई छातीमा दुखाइ भइरहेको छ,medical_emergency_request
जाजरकोट मा भूकम्प गयो???,earthquake_occurring_report
विस्थापितहरूलाई बस्नेठाउँ चाहिन्छ,shelter_request
बेहोस भएको मान्छेलाई कसरी मद्दत गर्ने छिटो,first_aid_query
घरधेरै हल्लियो,earthquake_occurring_report
ग्यासचुल्होले आगो लाग्यो,fire_incident_report
डाक्टर तुरुन्तैचाहियो,medical_emergency_request
धन्यवाददाई,goodbye_thanks
हाइ हजुर,greeting
राहत शिविरमा हजुरआमा भेटियो!!,family_reunification_status
दाजु र बालबालिकाका लागि आश्रय चाहियो,shelter_request
भक्तपुर मा बिजुलीको तार खसेको छ छिटो,power_outage_report
बाई है प्लिज,goodbye_thanks
हजुरबुबा लाई गम्भीरचोट लागेको छ,injury_report
जाँच्दैछु प्लिज,fallback_unclear
के छ हाल हजुर,greeting
भक्तपुर नजिक पहिरोले सडकबन्द भयो,road_blockage_report
हजुरआमा लाई गम्भीर चोट लागेको छ,injury_report
गोर्खानजिक पहिरोले सडक बन्द भयो,road_blockage_report
गोर्खा नजिकको पुल भत्कियो,road_blockage_report
ग्यास चुहियो छिटो,gas_leak_report
अहिले मैले के गर्नुपर्छ!!,status_check_general
छत खसेर दिदी थुनिनुभयो,trapped_debris_report
बुबा सुरक्षित हुनुहुन्छभनेर स्थिति अपडेट गर्न चाहन्छु,family_reunification_status
काठमाडौं माआगो लागेको छ,fire_incident_report
गोर्खा मा घर भत्कियो प्लिज,building_collapse_report
पाल शिविरको स्थान चाहियो,shelter_request
कोही सास फेर्न सकिरहेको छैन,medical_emergency_request
पोखरा मा आगो छिट्टैफैलिँदैछ,fire_incident_report
ललितपुर को लागिपराकम्प चेतावनी,aftershock_information_query
दाजु लाई एम्बुलेन्स चाहियो छिटो,medical_emergency_request
हजुरबुबा लाई गहिरो घाउ छ छिटो,injury_report
गोर्खा नजिकैको घरमा आगो लागेको छ,fire_incident_report
नमस्ते बहिनी प्लिज,greeting
भूकम्प अघि के के तयार राख्ने!!,preparedness_tips_query
पोखरा मा बिजुलीको तार खसेको छ???,power_outage_report
भूकम्प भर्खरै आएको हो!!,earthquake_occurring_report
बुबा र बालबालिकाका लागि आश्रयचाहियो,shelter_request
छत खसेरहजुरआमा थुनिनुभयो,trapped_debris_report
अहिले भूकम्प गयो,earthquake_occurring_report
काठमाडौं मा बिजुली गएको छ है,power_outage_report
हजुरआमा लडेरढाडमा चोट लाग्यो छिटो,injury_report
घर पूर्ण रूपमा भत्कियो प्लिज,building_collapse_report
इँटा खसेर लाग्यो,injury_report
हेल्लो,greeting
भूकम्पपछि हजुरबुबा लाईभेट्टाउन सकिएको छैन,family_member_missing
काठमाडौं नजिक ग्यास चुहावट भयो!!,gas_leak_report
भूकम्पको लागि गो-ब्याग कसरी तयार पार्ने,preparedness_tips_query
पर्खालमा ठूला चिरा छन् बाहिरिनु पर्छ कि है,building_damage_check
मेरो परिवारको सदस्य सुरक्षित भेटियो,family_reunification_status
भूकम्पपछि हजुरबुबा लाई भेट्टाउन सकिएको छैन प्लिज,family_member_missing
छोरी को बेपत्ता व्यक्ति रिपोर्ट प्लिज,family_member_missing
अहिले नै मद्दत चाहियो,sos_help_request
अहिले मैले केकदम चाल्ने,status_check_general
मेरो घरलाई भूकम्प प्रतिरोधी कसरीबनाउने,preparedness_tips_query
हजुरबुबा को बेपत्ता व्यक्ति रिपोर्ट हजुर,family_member_missing
दमकलको सम्पर्क नम्बर,emergency_contact_request
आमा लाई छातीमा दुखाइ भइरहेको छ प्लिज,medical_emergency_request
भेटिएकोपरिवार सदस्य कसरी दर्ता गर्ने,family_reunification_status
ठिकै छ छोड्नुहोस्,goodbye_thanks
ललितपुर मा घर भत्कियो,building_collapse_report
सहयोग गर्नुहोस्!!,sos_help_request
बुबा भग्नावशेषमुनिथुनिनुभयो,trapped_debris_report
घर बलिरहेको छ दमकलचाहियो,fire_incident_report
भूकम्पदेखि बुबा को फोन लाग्दैन,family_member_missing
आदाब हजुर,greeting
भूकम्पपछि भवनको सुरक्षा जाँच कसले गर्छ!!,building_damage_check
धन्यवाद दाई,goodbye_thanks
गोर्खा नजिक पहिरोलेसडक बन्द भयो,road_blockage_report
ग्यास चुहियो,gas_leak_report
